parameter,target_id,condition_id,loc,scale
dgf,f6p_c,,-1284.6152106568757
dgf,g6p_c,,-1279.439546635153
dgf,f1p_c,,-1283.442840824178
dgf,g1p_c,,-1280.1858372424886
